#,NAME
1,Justin Beiber @ UCIwFjwMjI0y7PDBVEO9-bkQ
2,Super Simple Songs - Kids Songs @ UCLsooMJoIpl_7ux2jvdPB-Q
3,Sierra & Rhia FAM @ UCe6n0z9UbsxYCS8P83f84tw
4,The Weeknd @ UC0WP5P-ufpRfjbNrmOWwLBQ
5,Nick Pro @ UChCBHudFoBnsF0O1flPXqiQ
6,WatchMojo.com @ UCaWd5_7JhbQBe4dknZhsHJg
7,Matt Larose @ UCATWUurs5SImDMX_prUtxng
8,Diary of 4 @ UCT6zcE-d5Rlc2xto-1lNjgA
9,Luke Davidson @ UCuwJoiGWRxPYStBp0l0WuZw
10,金菩提宗師 Grandmaster JinBodhi @ UCBuBSRtY41VzSkP_RR3IVoQ
11,Linus Tech Tips @ UCXuqSBlHAE6Xw-yeJA0Tunw
12,Typical Gamer @ UC2wKfjlioOCLP4xQMOWNcgg 
13,Hacksmith Industries @ UCjgpFI5dU-D1-kh9H1muoxQ
14,SIS vs BRO @ UChLN0bJgq6d15OK2HVB4YTg
15,Corey Tonge @ UClKpXfTiE_DqjwljSMe0Zjw
16,AzzyLand @ UCzeB_0FNcPIyUSjL_TL5lEw
17,Andreas Eskander @ UCvwn9pGVzKmMS6Ssd8R0pog
18,MrSuicideSheep @ UC5nc_ZtjKW1htCVZVRxlQAQ
19,Stromedy @ UCZhUolzN9vMdkjWrnT9DQ2A
20,Jeenie.Weenie @ UCWc8CackfCo4q46FpEWBcPg
21,Kallmekris @ UCiciOsypkXcqSFqSPd-NRVA
22,Crash Adams @ UCAxCk_CU0lnz6vJyslY9-Tw
23,Foot Mood @ UCuYUOEXwUKBtiE1pNoB40PA
24,Layla Roblox @ UCehw6LdDdDwG0fEDh63eiZw
25,Anna McNulty @ UCPIavfNa4DTfHXDBaFOHuKA
26,MadFit @ UCpQ34afVgk8cRQBjSJ1xuJQ
27,Top 10 Talent @ UCeBWh-0p7vgBeD6HOHBpfwQ
28,Nutshell Animations @ UChFs0d8syPIK6x8q4C6BrJw
29,TheWeekndVEVO @ UCF_fDSgPpBQuh1MsUTgIARQ
30,"Baby Big Mouth Kids - Sing, Dance, Explore @ UCWr4vlkj5xXQ4bSXNeTT2AA"
31,Twi Shorts @ UCGa9YJJiR-Jec5y10GQxEPg
32,NileRed @ UCFhXFikryT4aFcLkLw2LBLA
33,Celine Dion @ UC_yGU4qz9zAjEWLQxCg9NZQ
34,SAS-ASMR @ UCp4LfMtDfoa29kTlLnqQ5Mg
35,Manchurek Triplets @ UCqR-PZA_9Z22QuytcIrhRhQ
36,Aaron Esser @ UCOTaQOueW7Va3rVF3PGL4hw
37,Nick Eh 30 @ UCt9nYeSz90lnOnaVFjxFJzw
38,ElectroBOOM @ UCJ0-OtVpF0wOKEqT2Z1HEtA
39,WatchMojo Español @ UClgevvAYKcfuthTWppKT0IQ
40,SMii7Y @ UCzXwjTI6c6mVn6oui_p6oiw
41,Beach4U @ UC6xPO-yz49JDCj16EnF2Kvg
42,Papa Jake @ UCANBW6ACWi9huiCfbKk1pbQ
43,Gloom @ UC6IijBsVf2PlWo_uq6P9wQw
44,MostAmazingTop10 @ UCBINYCmwE29fBXCpUI8DgTA
45,JoBlo Movie Clips @ UC6LDwTYRfjQwkakw5R95OyA
46,Brandon A @ UCnw28-ugJXGogtgv-vL9V3g
47,Princess Bánh Bao @ UC5DFRZ0EiT5FAebrBIHfnqA
48,Jeff Nippard @ UC68TLK0mAEzUyHx5x5k-S1Q
49,Simply Nailogical @ UCGCVyTWogzQ4D170BLy2Arw
50,Rehaan Records @ UCm9SZAl03Rev9sFwloCdz1g
51,Jeremy Ethier @ UCERm5yFZ1SptUEU4wZ2vJvw
52,Ron Wright @ UCAgNyzHvQllkZw4J3WJQd_A
53,Domics @ UCn1XB-jvmd9fXMzhiA6IR0w
54,Chris Ramsay @ UCrPUg54jUy1T_wII9jgdRbg
55,aCookieGod @ UCIVSqoHCUN1XdEpiVItxfoQ
56,MDMotivator @ UCV60-YzrBdQBKHxvgeu9sIw
57,Walk off the Earth @ UC9PEibgWOqZ-1I1JdxRmr6g
58,Joe Porter @ UCnvzajWXCAOAq_Y1jNLFQXg
59,jackdoesskits @ UCMG_i1QHNtIb-8N9GYt5kTQ
60,Mr. Lee ASMR @ UCU_06qjzuictUkp0Pyn1BGw
61,Million Roses @ UC-MSHwNBgzO9VC-Y9MY0aNg
62,Little Angel & Friends - Kids Songs with Subtitles @ UCvksjnr7kInzcIjMpJpqF2A
63,Jester @ UCKIL4dMp2qbWElEEZHK-aug
64,LastMinit @ UCcG6HCBufJHMGFXRM-V0wJw
65,Zedar @ UCS724X_nrwOE1vMCGNnv1DQ
66,AntsCanada @ UCONd1SNf3_QqjzjCVsURNuA
67,Quinn FAM @ UCpR7UgOOg9wA869TzwTco9Q
68,Ayo & Teo @ UCB_Mdi3acqKLRR8zKFkqKoA
69,1minutecrafts @ UCXaqpgdwndZVxX_ckrlCx7Q
70,Amazing Toys & Colors Review @ UCWXrx8EldKEgeP1KpbmUjBQ
71,Mark Cannataro Films @ UCa-aGbqYQA8kAJy94v9yKtw
72,Ricky Berwick @ UCnBhY8jMEZzSSuFPz6JSAxQ
73,Chills @ UCN64HIrZNqFQYZ2BuyY-4zg
74,Tate McRae @ UCQh6LB206jF3JxpCDD-fp5Q
75,English Speeches @ UCLyr-hfWVCKHcZjV5fg3jbw
76,funnyplox @ UCVUdHi-tdW5AKdzMiTPG97Q
77,Gigi Kids @ UCMpdWqDcdmJeD7ehovSPQaA
78,Jamal Al-imwase ـ جمال العمواسي @ UC0QpXwNHik1793EYNGZcOoA
79,Peter McKinnon @ UC3DkFux8Iv-aYnTRWzwaiBA
80,GoldenGully @ UC9t2RlHUshAARQNGe3tfk0A
81,Matthew Santoro @ UCXhSCMRRPyxSoyLSPFxK7VA
82,REDHOY YT @ UC8zmhPBGhQuev9z2xi_LSXw
83,Zon Zon @ UCnEs7qMIqq97t8x03UBW-Yw
84,GamerGirl @ UCije75lmV_7fVP7m4dJ7ZoQ
85,JustDustin @ UCau_n8AK1uk3Ys5bEnRAoqg
86,Step News Agency - وكالة ستيب نيوز @ UCFXyHQjlNrdVYKywetpIj-A
87,MsMojo @ UC3rLoj87ctEHCcS7BuvIzkQ
88,GunVsGun @ UCFFUY0PCOH3CieBjbZd5suw
89,Bajan Canadian @ UCuj1Ms9_LCsQPSJ4p8nvOVA
90,outwork @ UCN4Yasahli3w4B5oF3QH7IQ
91,Kurtis Conner @ UC7zsxKqd5MicTf4VhS9Y74g
92,Brandon302 @ UC3FvW6a4MxTT6CU4v-dtfYA
93,Phone Repair Guru @ UCCOrp7GPgZA8EGrbOcIAsyQ
94,Solnishkam @ UCZLpYvytvI4PZCs4gmtzqgQ
95,SpeirsTheAmazingHD @ UCAbdeLiTPdjk1X2TY_ZdLDw
96,English with Emma · engVid @ UCVBErcpqaokOf4fI5j73K_w
97,TheMagicMatt @ UC8TOSHpiM1hjNTNyHReLe5g
98,Furious Pete @ UCspJ-h5Mw9_zeEhJDzMpkkA
99,Animaalz @ UC2b86XNxEoHmEJWFzH5xz9Q
100, ExplodingTNT @ UC2nZMhZ2qG5-xpqb440WLYg
